sample	samples	DFNA5 (average)
TCGA-06-0162-01	TCGA-06-0162-01	2.095
TCGA-12-3653-01	TCGA-12-3653-01	1.06
TCGA-27-1832-01	TCGA-27-1832-01	1.041
TCGA-02-0007-01	TCGA-02-0007-01	1.038
TCGA-32-2616-01	TCGA-32-2616-01	0.9815
TCGA-41-2571-01	TCGA-41-2571-01	0.954
TCGA-02-0317-01	TCGA-02-0317-01	0.9012
TCGA-26-1443-01	TCGA-26-1443-01	0.897
TCGA-28-5204-01	TCGA-28-5204-01	0.8924
TCGA-32-2615-01	TCGA-32-2615-01	0.8858
TCGA-32-2498-01	TCGA-32-2498-01	0.8676
TCGA-06-0412-01	TCGA-06-0412-01	0.8648
TCGA-06-0241-01	TCGA-06-0241-01	0.8615
TCGA-16-1063-01	TCGA-16-1063-01	0.8477
TCGA-19-1387-01	TCGA-19-1387-01	0.8457
TCGA-28-5208-01	TCGA-28-5208-01	0.8453
TCGA-06-0875-01	TCGA-06-0875-01	0.8444
TCGA-12-5299-01	TCGA-12-5299-01	0.8271
TCGA-27-2526-01	TCGA-27-2526-01	0.8259
TCGA-27-1838-01	TCGA-27-1838-01	0.8211
TCGA-32-2632-01	TCGA-32-2632-01	0.8168
TCGA-06-5418-01	TCGA-06-5418-01	0.7984
TCGA-28-1746-01	TCGA-28-1746-01	0.7956000000000001
TCGA-08-0529-01	TCGA-08-0529-01	0.7917
TCGA-12-0826-01	TCGA-12-0826-01	0.7885
TCGA-15-1449-01	TCGA-15-1449-01	0.7878
TCGA-12-1090-01	TCGA-12-1090-01	0.7738
TCGA-06-0206-01	TCGA-06-0206-01	0.7718000000000002
TCGA-06-0149-01	TCGA-06-0149-01	0.7706
TCGA-12-3646-01	TCGA-12-3646-01	0.7688
TCGA-28-1757-01	TCGA-28-1757-01	0.7661
TCGA-41-2575-01	TCGA-41-2575-01	0.7648
TCGA-12-3644-01	TCGA-12-3644-01	0.7635
TCGA-06-2564-01	TCGA-06-2564-01	0.7559
TCGA-08-0354-01	TCGA-08-0354-01	0.7544000000000001
TCGA-32-4210-01	TCGA-32-4210-01	0.7514
TCGA-12-0773-01	TCGA-12-0773-01	0.7479
TCGA-16-1055-01	TCGA-16-1055-01	0.7465
TCGA-06-0184-01	TCGA-06-0184-01	0.7415
TCGA-19-2619-01	TCGA-19-2619-01	0.7405999999999999
TCGA-12-0654-01	TCGA-12-0654-01	0.7402
TCGA-14-0813-01	TCGA-14-0813-01	0.7253
TCGA-14-1453-01	TCGA-14-1453-01	0.7183
TCGA-12-1091-01	TCGA-12-1091-01	0.7176
TCGA-06-0174-01	TCGA-06-0174-01	0.7152
TCGA-14-2555-01	TCGA-14-2555-01	0.7148
TCGA-14-1034-02	TCGA-14-1034-02	0.7136
TCGA-32-4211-01	TCGA-32-4211-01	0.7134
TCGA-06-0213-01	TCGA-06-0213-01	0.7118
TCGA-12-0662-01	TCGA-12-0662-01	0.7008
TCGA-19-2624-01	TCGA-19-2624-01	0.6949
TCGA-12-3648-01	TCGA-12-3648-01	0.6936
TCGA-19-1392-01	TCGA-19-1392-01	0.6851
TCGA-06-0237-01	TCGA-06-0237-01	0.6849
TCGA-02-0271-01	TCGA-02-0271-01	0.6776
TCGA-19-5960-01	TCGA-19-5960-01	0.6774
TCGA-06-0644-01	TCGA-06-0644-01	0.6719
TCGA-06-0686-01	TCGA-06-0686-01	0.671
TCGA-27-1831-01	TCGA-27-1831-01	0.6679
TCGA-06-0173-01	TCGA-06-0173-01	0.6648
TCGA-08-0510-01	TCGA-08-0510-01	0.6606
TCGA-76-6286-01	TCGA-76-6286-01	0.6605
TCGA-12-3650-01	TCGA-12-3650-01	0.6581000000000001
TCGA-02-0266-01	TCGA-02-0266-01	0.6554
TCGA-02-0051-01	TCGA-02-0051-01	0.6553
TCGA-28-5220-01	TCGA-28-5220-01	0.6541
TCGA-06-5858-01	TCGA-06-5858-01	0.652
TCGA-02-0001-01	TCGA-02-0001-01	0.651
TCGA-19-1787-01	TCGA-19-1787-01	0.6506
TCGA-16-0848-01	TCGA-16-0848-01	0.6503
TCGA-16-0861-01	TCGA-16-0861-01	0.6496
TCGA-OX-A56R-01	TCGA-OX-A56R-01	0.6496
TCGA-74-6573-01	TCGA-74-6573-01	0.647
TCGA-06-0185-01	TCGA-06-0185-01	0.6439
TCGA-76-6285-01	TCGA-76-6285-01	0.6382
TCGA-06-5859-01	TCGA-06-5859-01	0.6374
TCGA-12-1600-01	TCGA-12-1600-01	0.6339
TCGA-02-0333-01	TCGA-02-0333-01	0.6292
TCGA-76-4931-01	TCGA-76-4931-01	0.6254
TCGA-28-2509-01	TCGA-28-2509-01	0.6242
TCGA-32-1978-01	TCGA-32-1978-01	0.6222
TCGA-19-A60I-01	TCGA-19-A60I-01	0.6207
TCGA-06-0151-01	TCGA-06-0151-01	0.618
TCGA-28-1750-01	TCGA-28-1750-01	0.6143
TCGA-08-0352-01	TCGA-08-0352-01	0.6142
TCGA-28-5218-01	TCGA-28-5218-01	0.6126
TCGA-74-6577-01	TCGA-74-6577-01	0.6102
TCGA-76-4935-01	TCGA-76-4935-01	0.6084
TCGA-02-0116-01	TCGA-02-0116-01	0.6068
TCGA-12-1602-01	TCGA-12-1602-01	0.6068
TCGA-15-0742-01	TCGA-15-0742-01	0.6065
TCGA-06-0138-01	TCGA-06-0138-01	0.60405
TCGA-26-A7UX-01	TCGA-26-A7UX-01	0.6022
TCGA-08-0358-01	TCGA-08-0358-01	0.5997
TCGA-19-2623-01	TCGA-19-2623-01	0.5984
TCGA-27-2524-01	TCGA-27-2524-01	0.596
TCGA-32-1986-01	TCGA-32-1986-01	0.5951
TCGA-06-1804-01	TCGA-06-1804-01	0.5947
TCGA-19-5959-01	TCGA-19-5959-01	0.594
TCGA-27-1833-01	TCGA-27-1833-01	0.5904
TCGA-12-1598-01	TCGA-12-1598-01	0.5901
TCGA-28-5207-01	TCGA-28-5207-01	0.5897
TCGA-28-5209-01	TCGA-28-5209-01	0.5889
TCGA-14-4157-01	TCGA-14-4157-01	0.5874
TCGA-12-0618-01	TCGA-12-0618-01	0.5865
TCGA-26-5136-01	TCGA-26-5136-01	0.5864
TCGA-08-0525-01	TCGA-08-0525-01	0.5814
TCGA-14-1455-01	TCGA-14-1455-01	0.5809
TCGA-14-0783-01	TCGA-14-0783-01	0.5799
TCGA-08-0520-01	TCGA-08-0520-01	0.5797
TCGA-41-2572-01	TCGA-41-2572-01	0.5776
TCGA-02-0086-01	TCGA-02-0086-01	0.5761
TCGA-06-2558-01	TCGA-06-2558-01	0.576
TCGA-28-1755-01	TCGA-28-1755-01	0.5757
TCGA-14-0790-01	TCGA-14-0790-01	0.575
TCGA-06-0744-01	TCGA-06-0744-01	0.573
TCGA-06-0195-01	TCGA-06-0195-01	0.5724
TCGA-12-3651-01	TCGA-12-3651-01	0.5719000000000001
TCGA-76-6662-01	TCGA-76-6662-01	0.5706000000000001
TCGA-02-0054-01	TCGA-02-0054-01	0.5696
TCGA-02-0106-01	TCGA-02-0106-01	0.5691
TCGA-19-1388-01	TCGA-19-1388-01	0.5688
TCGA-19-0957-01	TCGA-19-0957-01	0.5684
TCGA-76-6191-01	TCGA-76-6191-01	0.5684
TCGA-06-0409-01	TCGA-06-0409-01	0.568
TCGA-19-1791-01	TCGA-19-1791-01	0.5666
TCGA-06-2559-01	TCGA-06-2559-01	0.5643999999999999
TCGA-06-0177-01	TCGA-06-0177-01	0.5639
TCGA-06-0648-01	TCGA-06-0648-01	0.5637
TCGA-19-A6J5-01	TCGA-19-A6J5-01	0.5628
TCGA-26-1799-01	TCGA-26-1799-01	0.5625
TCGA-12-0821-01	TCGA-12-0821-01	0.5623
TCGA-06-0197-01	TCGA-06-0197-01	0.5606000000000001
TCGA-14-0786-01	TCGA-14-0786-01	0.5606000000000001
TCGA-81-5910-01	TCGA-81-5910-01	0.559
TCGA-06-1800-01	TCGA-06-1800-01	0.5588
TCGA-02-0430-01	TCGA-02-0430-01	0.5578
TCGA-06-0646-01	TCGA-06-0646-01	0.5575
TCGA-06-5408-01	TCGA-06-5408-01	0.557
TCGA-02-0043-01	TCGA-02-0043-01	0.556
TCGA-02-0009-01	TCGA-02-0009-01	0.5549
TCGA-08-0245-01	TCGA-08-0245-01	0.5543
TCGA-06-6391-01	TCGA-06-6391-01	0.5542
TCGA-06-0137-01	TCGA-06-0137-01	0.5533
TCGA-06-1806-01	TCGA-06-1806-01	0.5478
TCGA-14-0787-01	TCGA-14-0787-01	0.5476
TCGA-87-5896-01	TCGA-87-5896-01	0.5431
TCGA-06-0125-01	TCGA-06-0125-01	0.54245
TCGA-12-1098-01	TCGA-12-1098-01	0.5422
TCGA-02-0260-01	TCGA-02-0260-01	0.5415
TCGA-02-0021-01	TCGA-02-0021-01	0.5401
TCGA-02-0075-01	TCGA-02-0075-01	0.5394
TCGA-76-4925-01	TCGA-76-4925-01	0.5383
TCGA-26-5132-01	TCGA-26-5132-01	0.5379
TCGA-14-1395-01	TCGA-14-1395-01	0.5372
TCGA-06-6699-01	TCGA-06-6699-01	0.5363
TCGA-12-0780-01	TCGA-12-0780-01	0.5362
TCGA-27-1834-01	TCGA-27-1834-01	0.5351
TCGA-4W-AA9S-01	TCGA-4W-AA9S-01	0.535
TCGA-02-0099-01	TCGA-02-0099-01	0.5336
TCGA-08-0518-01	TCGA-08-0518-01	0.5336
TCGA-06-0148-01	TCGA-06-0148-01	0.5335
TCGA-06-6698-01	TCGA-06-6698-01	0.5333
TCGA-19-1386-01	TCGA-19-1386-01	0.5331
TCGA-41-5651-01	TCGA-41-5651-01	0.5331
TCGA-14-1459-01	TCGA-14-1459-01	0.5329
TCGA-28-1749-01	TCGA-28-1749-01	0.5311
TCGA-08-0389-01	TCGA-08-0389-01	0.5307
TCGA-06-0157-01	TCGA-06-0157-01	0.5303
TCGA-02-0016-01	TCGA-02-0016-01	0.5294
TCGA-27-1835-01	TCGA-27-1835-01	0.5294
TCGA-02-0324-01	TCGA-02-0324-01	0.5288
TCGA-02-0015-01	TCGA-02-0015-01	0.5249
TCGA-02-0102-01	TCGA-02-0102-01	0.5233
TCGA-12-0707-01	TCGA-12-0707-01	0.5227
TCGA-08-0375-01	TCGA-08-0375-01	0.5208
TCGA-41-2573-01	TCGA-41-2573-01	0.5199
TCGA-74-6581-01	TCGA-74-6581-01	0.519
TCGA-06-0211-01	TCGA-06-0211-01	0.51885
TCGA-06-0210-02	TCGA-06-0210-02	0.5184
TCGA-12-0691-01	TCGA-12-0691-01	0.5183
TCGA-06-0214-01	TCGA-06-0214-01	0.517
TCGA-14-1458-01	TCGA-14-1458-01	0.5163
TCGA-06-2563-01	TCGA-06-2563-01	0.5149
TCGA-06-0745-01	TCGA-06-0745-01	0.5141
TCGA-19-2631-01	TCGA-19-2631-01	0.5131
TCGA-19-1390-01	TCGA-19-1390-01	0.5128
TCGA-19-0962-01	TCGA-19-0962-01	0.5121
TCGA-06-5415-01	TCGA-06-5415-01	0.5115
TCGA-06-0188-01	TCGA-06-0188-01	0.5112
TCGA-12-1097-01	TCGA-12-1097-01	0.5112
TCGA-08-0349-01	TCGA-08-0349-01	0.511
TCGA-19-1786-01	TCGA-19-1786-01	0.5109
TCGA-27-2523-01	TCGA-27-2523-01	0.5109
TCGA-81-5911-01	TCGA-81-5911-01	0.5109
TCGA-02-0046-01	TCGA-02-0046-01	0.5086
TCGA-19-5950-01	TCGA-19-5950-01	0.5078
TCGA-02-0289-01	TCGA-02-0289-01	0.5068
TCGA-02-0269-01	TCGA-02-0269-01	0.503
TCGA-14-2554-01	TCGA-14-2554-01	0.5027
TCGA-12-0670-01	TCGA-12-0670-01	0.5017
TCGA-12-0820-01	TCGA-12-0820-01	0.5008
TCGA-08-0531-01	TCGA-08-0531-01	0.5001
TCGA-16-1056-01	TCGA-16-1056-01	0.5001
TCGA-02-0038-01	TCGA-02-0038-01	0.4994
TCGA-12-0619-01	TCGA-12-0619-01	0.4989
TCGA-19-5954-01	TCGA-19-5954-01	0.498
TCGA-12-0769-01	TCGA-12-0769-01	0.4976
TCGA-02-2466-01	TCGA-02-2466-01	0.4958
TCGA-06-5413-01	TCGA-06-5413-01	0.4958
TCGA-12-1094-01	TCGA-12-1094-01	0.4958
TCGA-12-0688-01	TCGA-12-0688-01	0.4955
TCGA-08-0353-01	TCGA-08-0353-01	0.4944
TCGA-16-1047-01	TCGA-16-1047-01	0.4942
TCGA-06-1801-01	TCGA-06-1801-01	0.4929
TCGA-06-A5U1-01	TCGA-06-A5U1-01	0.491
TCGA-12-0692-01	TCGA-12-0692-01	0.4906
TCGA-14-1827-01	TCGA-14-1827-01	0.4897
TCGA-02-2486-01	TCGA-02-2486-01	0.4893
TCGA-12-1099-01	TCGA-12-1099-01	0.4888
TCGA-06-0238-01	TCGA-06-0238-01	0.4863
TCGA-06-0145-01	TCGA-06-0145-01	0.4852
TCGA-12-0657-01	TCGA-12-0657-01	0.4847
TCGA-14-1823-01	TCGA-14-1823-01	0.4846
TCGA-76-6661-01	TCGA-76-6661-01	0.4836
TCGA-12-1599-01	TCGA-12-1599-01	0.4835
TCGA-08-0348-01	TCGA-08-0348-01	0.4817
TCGA-32-1979-01	TCGA-32-1979-01	0.4809
TCGA-12-0620-01	TCGA-12-0620-01	0.48030000000000006
TCGA-06-2562-01	TCGA-06-2562-01	0.4802
TCGA-14-1034-01	TCGA-14-1034-01	0.4795
TCGA-06-0750-01	TCGA-06-0750-01	0.4789
TCGA-08-0359-01	TCGA-08-0359-01	0.4785
TCGA-12-0772-01	TCGA-12-0772-01	0.478
TCGA-27-2519-01	TCGA-27-2519-01	0.4773
TCGA-76-4929-01	TCGA-76-4929-01	0.4755
TCGA-06-0126-01	TCGA-06-0126-01	0.47469999999999996
TCGA-06-0122-01	TCGA-06-0122-01	0.47355
TCGA-76-6280-01	TCGA-76-6280-01	0.4732
TCGA-06-1802-01	TCGA-06-1802-01	0.47280000000000005
TCGA-06-6390-01	TCGA-06-6390-01	0.4724
TCGA-76-6657-01	TCGA-76-6657-01	0.4721
TCGA-06-0182-01	TCGA-06-0182-01	0.4717
TCGA-06-2567-01	TCGA-06-2567-01	0.4715
TCGA-02-0290-01	TCGA-02-0290-01	0.4714
TCGA-06-0168-01	TCGA-06-0168-01	0.47075
TCGA-14-1829-01	TCGA-14-1829-01	0.4707
TCGA-06-0171-01	TCGA-06-0171-01	0.4701
TCGA-16-1062-01	TCGA-16-1062-01	0.47
TCGA-06-0175-01	TCGA-06-0175-01	0.4693
TCGA-06-0155-01	TCGA-06-0155-01	0.4688
TCGA-06-0878-01	TCGA-06-0878-01	0.4671
TCGA-02-0446-01	TCGA-02-0446-01	0.4652
TCGA-02-0451-01	TCGA-02-0451-01	0.465
TCGA-02-0330-01	TCGA-02-0330-01	0.4648
TCGA-14-0866-01	TCGA-14-0866-01	0.4646
TCGA-26-5139-01	TCGA-26-5139-01	0.4642
TCGA-02-0023-01	TCGA-02-0023-01	0.464
TCGA-08-0244-01	TCGA-08-0244-01	0.464
TCGA-06-0413-01	TCGA-06-0413-01	0.4634
TCGA-28-6450-01	TCGA-28-6450-01	0.4619
TCGA-02-0037-01	TCGA-02-0037-01	0.4618
TCGA-06-5856-01	TCGA-06-5856-01	0.4617
TCGA-28-5214-01	TCGA-28-5214-01	0.461
TCGA-14-1451-01	TCGA-14-1451-01	0.4605
TCGA-12-1601-01	TCGA-12-1601-01	0.4604
TCGA-26-5135-01	TCGA-26-5135-01	0.46
TCGA-06-0152-02	TCGA-06-0152-02	0.4599
TCGA-27-1830-01	TCGA-27-1830-01	0.4585
TCGA-12-3652-01	TCGA-12-3652-01	0.4573
TCGA-76-4926-01	TCGA-76-4926-01	0.457
TCGA-08-0386-01	TCGA-08-0386-01	0.45553350237717904
TCGA-28-2506-01	TCGA-28-2506-01	0.455
TCGA-12-1096-01	TCGA-12-1096-01	0.454
TCGA-14-1454-01	TCGA-14-1454-01	0.4538
TCGA-16-1048-01	TCGA-16-1048-01	0.4532
TCGA-02-0089-01	TCGA-02-0089-01	0.4517
TCGA-06-5411-01	TCGA-06-5411-01	0.4506
TCGA-32-2494-01	TCGA-32-2494-01	0.4505
TCGA-26-1439-01	TCGA-26-1439-01	0.4495
TCGA-06-2561-01	TCGA-06-2561-01	0.4489
TCGA-12-1095-01	TCGA-12-1095-01	0.4485
TCGA-12-0828-01	TCGA-12-0828-01	0.4483
TCGA-74-6578-01	TCGA-74-6578-01	0.4482
TCGA-06-6695-01	TCGA-06-6695-01	0.448
TCGA-28-5219-01	TCGA-28-5219-01	0.4477
TCGA-19-5947-01	TCGA-19-5947-01	0.4445
TCGA-76-6664-01	TCGA-76-6664-01	0.4433
TCGA-06-0743-01	TCGA-06-0743-01	0.443
TCGA-12-0703-01	TCGA-12-0703-01	0.44279999999999997
TCGA-14-1795-01	TCGA-14-1795-01	0.442
TCGA-12-0653-01	TCGA-12-0653-01	0.4412
TCGA-06-0166-01	TCGA-06-0166-01	0.44075000000000003
TCGA-41-3393-01	TCGA-41-3393-01	0.4398
TCGA-4W-AA9R-01	TCGA-4W-AA9R-01	0.4395
TCGA-02-0440-01	TCGA-02-0440-01	0.4377
TCGA-27-2518-01	TCGA-27-2518-01	0.4377
TCGA-02-0071-01	TCGA-02-0071-01	0.4375
TCGA-19-0963-01	TCGA-19-0963-01	0.4371
TCGA-12-0819-01	TCGA-12-0819-01	0.4362
TCGA-74-6575-01	TCGA-74-6575-01	0.4357
TCGA-06-0649-01	TCGA-06-0649-01	0.43529999999999996
TCGA-06-0150-01	TCGA-06-0150-01	0.4333
TCGA-06-5414-01	TCGA-06-5414-01	0.4321
TCGA-RR-A6KC-01	TCGA-RR-A6KC-01	0.4307
TCGA-06-A7TK-01	TCGA-06-A7TK-01	0.4277
TCGA-19-4065-01	TCGA-19-4065-01	0.4265
TCGA-19-5958-01	TCGA-19-5958-01	0.4265
TCGA-06-6388-01	TCGA-06-6388-01	0.4262
TCGA-26-1440-01	TCGA-26-1440-01	0.4258
TCGA-76-6282-01	TCGA-76-6282-01	0.4244
TCGA-06-0397-01	TCGA-06-0397-01	0.4235
TCGA-02-0064-01	TCGA-02-0064-01	0.4234
TCGA-14-1450-01	TCGA-14-1450-01	0.4232
TCGA-14-1396-01	TCGA-14-1396-01	0.423
TCGA-19-1389-02	TCGA-19-1389-02	0.4226
TCGA-12-0656-01	TCGA-12-0656-01	0.4225
TCGA-02-0115-01	TCGA-02-0115-01	0.4208
TCGA-06-0133-01	TCGA-06-0133-01	0.4190999999999999
TCGA-06-0879-01	TCGA-06-0879-01	0.4171
TCGA-32-1970-01	TCGA-32-1970-01	0.4171
TCGA-02-0074-01	TCGA-02-0074-01	0.416
TCGA-06-0124-01	TCGA-06-0124-01	0.41550000000000004
TCGA-06-0210-01	TCGA-06-0210-01	0.4117
TCGA-06-0939-01	TCGA-06-0939-01	0.4112
TCGA-14-1452-01	TCGA-14-1452-01	0.4109
TCGA-32-2491-01	TCGA-32-2491-01	0.4107
TCGA-08-0347-01	TCGA-08-0347-01	0.4076
TCGA-32-1976-01	TCGA-32-1976-01	0.4075
TCGA-76-6283-01	TCGA-76-6283-01	0.4067
TCGA-06-0877-01	TCGA-06-0877-01	0.4059
TCGA-06-0190-01	TCGA-06-0190-01	0.4008
TCGA-08-0380-01	TCGA-08-0380-01	0.398
TCGA-06-0749-01	TCGA-06-0749-01	0.3965
TCGA-19-5952-01	TCGA-19-5952-01	0.3963
TCGA-02-0006-01	TCGA-02-0006-01	0.3954
TCGA-06-0130-01	TCGA-06-0130-01	0.39395
TCGA-06-0164-01	TCGA-06-0164-01	0.3929
TCGA-08-0355-01	TCGA-08-0355-01	0.3929
TCGA-28-1753-01	TCGA-28-1753-01	0.39219999999999994
TCGA-41-6646-01	TCGA-41-6646-01	0.3911
TCGA-14-1401-01	TCGA-14-1401-01	0.3901
TCGA-06-0645-01	TCGA-06-0645-01	0.389
TCGA-06-0143-01	TCGA-06-0143-01	0.38795
TCGA-28-5213-01	TCGA-28-5213-01	0.3874
TCGA-74-6584-01	TCGA-74-6584-01	0.3874
TCGA-76-4928-01	TCGA-76-4928-01	0.3861
TCGA-02-0034-01	TCGA-02-0034-01	0.386
TCGA-14-0871-01	TCGA-14-0871-01	0.3838
TCGA-02-0079-01	TCGA-02-0079-01	0.3813
TCGA-06-0159-01	TCGA-06-0159-01	0.381
TCGA-06-0201-01	TCGA-06-0201-01	0.3807
TCGA-14-1037-01	TCGA-14-1037-01	0.3806
TCGA-08-0357-01	TCGA-08-0357-01	0.3805
TCGA-08-0356-01	TCGA-08-0356-01	0.3793
TCGA-32-1987-01	TCGA-32-1987-01	0.3792
TCGA-02-0087-01	TCGA-02-0087-01	0.3777
TCGA-12-1088-01	TCGA-12-1088-01	0.37590000000000007
TCGA-02-0070-01	TCGA-02-0070-01	0.3742
TCGA-12-0822-01	TCGA-12-0822-01	0.3742
TCGA-06-0209-01	TCGA-06-0209-01	0.3734
TCGA-02-2485-01	TCGA-02-2485-01	0.3717
TCGA-06-0125-02	TCGA-06-0125-02	0.37159999999999993
TCGA-14-0789-01	TCGA-14-0789-01	0.3685
TCGA-06-0176-01	TCGA-06-0176-01	0.3684
TCGA-02-0027-01	TCGA-02-0027-01	0.3669
TCGA-16-0846-01	TCGA-16-0846-01	0.3667
TCGA-19-0957-02	TCGA-19-0957-02	0.3648
TCGA-16-1045-01	TCGA-16-1045-01	0.363
TCGA-28-1752-01	TCGA-28-1752-01	0.3619
TCGA-32-1982-01	TCGA-32-1982-01	0.36030000000000006
TCGA-28-2502-01	TCGA-28-2502-01	0.3593
TCGA-RR-A6KA-01	TCGA-RR-A6KA-01	0.3588
TCGA-16-0850-01	TCGA-16-0850-01	0.3585
TCGA-12-0776-01	TCGA-12-0776-01	0.3554
TCGA-4W-AA9T-01	TCGA-4W-AA9T-01	0.3547
TCGA-32-1977-01	TCGA-32-1977-01	0.3543
TCGA-19-5953-01	TCGA-19-5953-01	0.3534
TCGA-06-0169-01	TCGA-06-0169-01	0.35280000000000006
TCGA-02-2470-01	TCGA-02-2470-01	0.3511
TCGA-06-0140-01	TCGA-06-0140-01	0.3508
TCGA-08-0345-01	TCGA-08-0345-01	0.3483
TCGA-06-0152-01	TCGA-06-0152-01	0.34780000000000005
TCGA-76-6660-01	TCGA-76-6660-01	0.3466
TCGA-02-0059-01	TCGA-02-0059-01	0.3465
TCGA-06-0882-01	TCGA-06-0882-01	0.3463
TCGA-02-0113-01	TCGA-02-0113-01	0.3446
TCGA-02-0325-01	TCGA-02-0325-01	0.3421
TCGA-12-1092-01	TCGA-12-1092-01	0.3417
TCGA-06-0211-02	TCGA-06-0211-02	0.3409
TCGA-76-6663-01	TCGA-76-6663-01	0.337
TCGA-32-5222-01	TCGA-32-5222-01	0.3362
TCGA-26-6173-01	TCGA-26-6173-01	0.3345
TCGA-14-1794-01	TCGA-14-1794-01	0.3343
TCGA-06-0876-01	TCGA-06-0876-01	0.3326
TCGA-08-0509-01	TCGA-08-0509-01	0.332
TCGA-06-1084-01	TCGA-06-1084-01	0.3312
TCGA-02-0111-01	TCGA-02-0111-01	0.331
TCGA-08-0392-01	TCGA-08-0392-01	0.3303
TCGA-06-0194-01	TCGA-06-0194-01	0.32969999999999994
TCGA-02-0337-01	TCGA-02-0337-01	0.3273
TCGA-14-1825-01	TCGA-14-1825-01	0.3263
TCGA-14-1043-01	TCGA-14-1043-01	0.3223
TCGA-02-0285-01	TCGA-02-0285-01	0.3206
TCGA-06-1086-01	TCGA-06-1086-01	0.3206
TCGA-08-0390-01	TCGA-08-0390-01	0.3203
TCGA-06-A6S1-01	TCGA-06-A6S1-01	0.3193
TCGA-26-1438-01	TCGA-26-1438-01	0.317
TCGA-32-2638-01	TCGA-32-2638-01	0.3166
TCGA-14-0867-01	TCGA-14-0867-01	0.3121
TCGA-06-0394-01	TCGA-06-0394-01	0.3113
TCGA-12-0778-01	TCGA-12-0778-01	0.3107
TCGA-06-0192-01	TCGA-06-0192-01	0.3054
TCGA-02-0332-01	TCGA-02-0332-01	0.3044
TCGA-02-0326-01	TCGA-02-0326-01	0.3038
TCGA-76-6192-01	TCGA-76-6192-01	0.3032
TCGA-06-0216-01	TCGA-06-0216-01	0.29540000000000005
TCGA-12-1093-01	TCGA-12-1093-01	0.2947
TCGA-41-3392-01	TCGA-41-3392-01	0.29280000000000006
TCGA-19-0955-01	TCGA-19-0955-01	0.2906
TCGA-02-0085-01	TCGA-02-0085-01	0.2901
TCGA-28-5211-01	TCGA-28-5211-01	0.2888
TCGA-08-0346-01	TCGA-08-0346-01	0.2886
TCGA-12-0775-01	TCGA-12-0775-01	0.2877
TCGA-06-6694-01	TCGA-06-6694-01	0.2871
TCGA-RR-A6KB-01	TCGA-RR-A6KB-01	0.2864
TCGA-06-6697-01	TCGA-06-6697-01	0.2832
TCGA-02-0052-01	TCGA-02-0052-01	0.28280000000000005
TCGA-02-0281-01	TCGA-02-0281-01	0.2789
TCGA-28-1751-01	TCGA-28-1751-01	0.2708
TCGA-02-0033-01	TCGA-02-0033-01	0.2697
TCGA-19-1389-01	TCGA-19-1389-01	0.2693
TCGA-76-4934-01	TCGA-76-4934-01	0.2678
TCGA-26-6174-01	TCGA-26-6174-01	0.2655
TCGA-12-0829-01	TCGA-12-0829-01	0.2644
TCGA-19-5955-01	TCGA-19-5955-01	0.2606
TCGA-02-0057-01	TCGA-02-0057-01	0.2463
TCGA-02-0456-01	TCGA-02-0456-01	0.2463
TCGA-41-3915-01	TCGA-41-3915-01	0.2457
TCGA-06-0179-01	TCGA-06-0179-01	0.2454
TCGA-02-0025-01	TCGA-02-0025-01	0.244
TCGA-19-2629-01	TCGA-19-2629-01	0.2436
TCGA-06-0402-01	TCGA-06-0402-01	0.2405
TCGA-02-0055-01	TCGA-02-0055-01	0.238
TCGA-06-0414-01	TCGA-06-0414-01	0.23109999999999997
TCGA-27-2527-01	TCGA-27-2527-01	0.2289
TCGA-19-1385-01	TCGA-19-1385-01	0.2274
TCGA-06-0121-01	TCGA-06-0121-01	0.2239
TCGA-28-2513-01	TCGA-28-2513-01	0.2229
TCGA-06-5412-01	TCGA-06-5412-01	0.2081
TCGA-19-A6J4-01	TCGA-19-A6J4-01	0.2081
TCGA-06-0132-01	TCGA-06-0132-01	0.19670000000000004
TCGA-28-2510-01	TCGA-28-2510-01	0.1931
TCGA-26-5133-01	TCGA-26-5133-01	0.1919
TCGA-12-0827-01	TCGA-12-0827-01	0.1867
TCGA-06-0147-01	TCGA-06-0147-01	0.1852
TCGA-14-0865-01	TCGA-14-0865-01	0.1847
TCGA-02-0107-01	TCGA-02-0107-01	0.175
TCGA-06-0190-02	TCGA-06-0190-02	0.174
TCGA-19-4065-02	TCGA-19-4065-02	0.17
TCGA-14-0740-01	TCGA-14-0740-01	0.1681
TCGA-28-2514-01	TCGA-28-2514-01	0.1671
TCGA-14-0781-01	TCGA-14-0781-01	0.1639
TCGA-15-1447-01	TCGA-15-1447-01	0.1622
TCGA-06-0171-02	TCGA-06-0171-02	0.1621
TCGA-14-0862-01	TCGA-14-0862-01	0.1615
TCGA-32-1973-01	TCGA-32-1973-01	0.1597
TCGA-06-0119-01	TCGA-06-0119-01	0.158
TCGA-32-2634-01	TCGA-32-2634-01	0.1574
TCGA-06-0141-01	TCGA-06-0141-01	0.15360000000000001
TCGA-06-0650-01	TCGA-06-0650-01	0.1503
TCGA-02-0011-01	TCGA-02-0011-01	0.14829999999999996
TCGA-02-0010-01	TCGA-02-0010-01	0.1452
TCGA-08-0517-01	TCGA-08-0517-01	0.1434
TCGA-06-0128-01	TCGA-06-0128-01	0.1429
TCGA-06-0189-01	TCGA-06-0189-01	0.1383
TCGA-32-4719-01	TCGA-32-4719-01	0.1373
TCGA-19-2625-01	TCGA-19-2625-01	0.1352
1e6ab7a1-592b-416a-bffe-0d62b2203c34	1e6ab7a1-592b-416a-bffe-0d62b2203c34	0.1344
TCGA-06-5410-01	TCGA-06-5410-01	0.13
TCGA-14-0812-01	TCGA-14-0812-01	0.1298
TCGA-06-6693-01	TCGA-06-6693-01	0.129
TCGA-08-0246-01	TCGA-08-0246-01	0.1269
TCGA-02-0039-01	TCGA-02-0039-01	0.1268
TCGA-28-5215-01	TCGA-28-5215-01	0.1228
TCGA-06-A5U0-01	TCGA-06-A5U0-01	0.1213
TCGA-06-2557-01	TCGA-06-2557-01	0.1206
TCGA-02-0339-01	TCGA-02-0339-01	0.11570000000000001
TCGA-32-4208-01	TCGA-32-4208-01	0.114
TCGA-32-1980-01	TCGA-32-1980-01	0.1109
TCGA-02-0024-01	TCGA-02-0024-01	0.1101
TCGA-12-0615-01	TCGA-12-0615-01	0.11
TCGA-19-2621-01	TCGA-19-2621-01	0.1091
TCGA-06-6389-01	TCGA-06-6389-01	0.1088
TCGA-06-5416-01	TCGA-06-5416-01	0.1086
TCGA-06-0219-01	TCGA-06-0219-01	0.1083
TCGA-02-0014-01	TCGA-02-0014-01	0.1024
TCGA-02-0432-01	TCGA-02-0432-01	0.0987
TCGA-14-1821-01	TCGA-14-1821-01	0.0984
TCGA-02-0048-01	TCGA-02-0048-01	0.0983
TCGA-19-5956-01	TCGA-19-5956-01	0.0979
TCGA-02-2483-01	TCGA-02-2483-01	0.0941
TCGA-02-0084-01	TCGA-02-0084-01	0.0898
TCGA-08-0512-01	TCGA-08-0512-01	0.0896
TCGA-12-5295-01	TCGA-12-5295-01	0.0878
TCGA-06-2566-01	TCGA-06-2566-01	0.0848
TCGA-06-0881-01	TCGA-06-0881-01	0.0838
TCGA-16-1060-01	TCGA-16-1060-01	0.0832
TCGA-28-2501-01	TCGA-28-2501-01	0.0825
TCGA-08-0344-01	TCGA-08-0344-01	0.0808
TCGA-19-0964-01	TCGA-19-0964-01	0.0802
TCGA-02-0083-01	TCGA-02-0083-01	0.0774
TCGA-06-0158-01	TCGA-06-0158-01	0.0758
TCGA-06-0129-01	TCGA-06-0129-01	0.0752
TCGA-28-1756-01	TCGA-28-1756-01	0.0738
TCGA-32-4213-01	TCGA-32-4213-01	0.0735
TCGA-08-0521-01	TCGA-08-0521-01	0.0709
TCGA-26-5134-01	TCGA-26-5134-01	0.069
TCGA-02-0003-01	TCGA-02-0003-01	0.0678
TCGA-06-0127-01	TCGA-06-0127-01	0.0675
TCGA-02-0114-01	TCGA-02-0114-01	0.0662
TCGA-06-0142-01	TCGA-06-0142-01	0.0644
TCGA-27-2521-01	TCGA-27-2521-01	0.0638
TCGA-06-0221-02	TCGA-06-0221-02	0.0636
TCGA-76-6193-01	TCGA-76-6193-01	0.0634
TCGA-02-0258-01	TCGA-02-0258-01	0.0619
TCGA-12-5301-01	TCGA-12-5301-01	0.0618
TCGA-06-A6S0-01	TCGA-06-A6S0-01	0.0615
TCGA-06-A7TL-01	TCGA-06-A7TL-01	0.0611
TCGA-12-1089-01	TCGA-12-1089-01	0.0592
TCGA-27-1836-01	TCGA-27-1836-01	0.05910000000000001
TCGA-02-0422-01	TCGA-02-0422-01	0.0582
TCGA-06-0139-01	TCGA-06-0139-01	0.0572
TCGA-28-1747-01	TCGA-28-1747-01	0.057
TCGA-02-0068-01	TCGA-02-0068-01	0.054
TCGA-06-0187-01	TCGA-06-0187-01	0.0535
TCGA-27-1837-01	TCGA-27-1837-01	0.0517
TCGA-26-1442-01	TCGA-26-1442-01	0.0508
TCGA-06-2565-01	TCGA-06-2565-01	0.0503
TCGA-12-0616-01	TCGA-12-0616-01	0.0487
TCGA-06-0208-01	TCGA-06-0208-01	0.047
TCGA-02-0058-01	TCGA-02-0058-01	0.0469
TCGA-16-0849-01	TCGA-16-0849-01	0.04519999999999999
TCGA-06-0240-01	TCGA-06-0240-01	0.0443
TCGA-19-1789-01	TCGA-19-1789-01	0.0438
TCGA-02-0321-01	TCGA-02-0321-01	0.0432
TCGA-14-1402-02	TCGA-14-1402-02	0.0423
TCGA-14-1402-01	TCGA-14-1402-01	0.0414
TCGA-02-0060-01	TCGA-02-0060-01	0.0405
TCGA-06-0154-01	TCGA-06-0154-01	0.0397
TCGA-19-2620-01	TCGA-19-2620-01	0.0389
TCGA-12-3649-01	TCGA-12-3649-01	0.037
TCGA-27-2528-01	TCGA-27-2528-01	0.0369
TCGA-19-5951-01	TCGA-19-5951-01	0.0362
TCGA-41-4097-01	TCGA-41-4097-01	0.0325
TCGA-06-1805-01	TCGA-06-1805-01	0.0311
TCGA-06-2570-01	TCGA-06-2570-01	0.0293
TCGA-14-0817-01	TCGA-14-0817-01	0.027
TCGA-02-0338-01	TCGA-02-0338-01	0.0254
TCGA-32-1991-01	TCGA-32-1991-01	0.0237
TCGA-15-1446-01	TCGA-15-1446-01	0.0201
TCGA-06-0160-01	TCGA-06-0160-01	0.0195
TCGA-02-0047-01	TCGA-02-0047-01	0.0175
TCGA-06-6701-01	TCGA-06-6701-01	0.0175
TCGA-08-0351-01	TCGA-08-0351-01	0.0165
TCGA-02-0104-01	TCGA-02-0104-01	0.0157
TCGA-06-0146-01	TCGA-06-0146-01	0.0148
TCGA-02-0028-01	TCGA-02-0028-01	0.0122
TCGA-76-6656-01	TCGA-76-6656-01	0.0114
TCGA-06-0165-01	TCGA-06-0165-01	0.0109
TCGA-06-0178-01	TCGA-06-0178-01	0.0101
TCGA-08-0514-01	TCGA-08-0514-01	0.0092
TCGA-06-6700-01	TCGA-06-6700-01	0.007299999999999999
TCGA-06-0747-01	TCGA-06-0747-01	0.0065
8fbe00a1-0cab-4197-a9cf-b3530cd07d1c	8fbe00a1-0cab-4197-a9cf-b3530cd07d1c	0.0044
TCGA-02-0026-01	TCGA-02-0026-01	0.004
TCGA-02-0080-01	TCGA-02-0080-01	-0.0046
TCGA-14-1456-01	TCGA-14-1456-01	-0.0152
TCGA-16-1460-01	TCGA-16-1460-01	-0.016
TCGA-06-2569-01	TCGA-06-2569-01	-0.0254
TCGA-15-1444-01	TCGA-15-1444-01	-0.0337
TCGA-02-0069-01	TCGA-02-0069-01	-0.0358
TCGA-32-2495-01	TCGA-32-2495-01	-0.0364
TCGA-08-0524-01	TCGA-08-0524-01	-0.043399999999999994
TCGA-12-0818-01	TCGA-12-0818-01	-0.0438
TCGA-06-1087-01	TCGA-06-1087-01	-0.0459
TCGA-28-5216-01	TCGA-28-5216-01	-0.0482
TCGA-08-0350-01	TCGA-08-0350-01	-0.0563
TCGA-06-0221-01	TCGA-06-0221-01	-0.0875
TCGA-14-3477-01	TCGA-14-3477-01	-0.1051
TCGA-06-0410-01	TCGA-06-0410-01	-0.1798
TCGA-14-0736-02	TCGA-14-0736-02	-0.2964
TCGA-08-0516-01	TCGA-08-0516-01	-0.335
TCGA-14-0736-01	TCGA-14-0736-01	-0.4577
TCGA-19-0960-01	TCGA-19-0960-01	-0.8529